Workbook

Sheet PORTADA
A1: MATRIZ DE RECOPILACIÓN DE DATOS — HUELLA DE CARBONO CORPORATIVA
A2: GHG Protocol (Corporate Standard) + ISO 14064-1:2018 + Protocolo OIV GEI | Sector Vitivinícola
A4: IDENTIFICACIÓN DE LA BODEGA | F4: LÍMITES DEL INVENTARIO
A5: Razón Social / Nombre de la bodega | F5: Enfoque organizacional | G5: Control Operacional
A6: CUIT | F6: Alcance cubierto | G6: Scope 1 + 2 + 3 (envases, insumos, transporte)
A7: Provincia / Departamento | F7: CO2 de fermentación | G7: Biogénico — reportado por separado (OIV/FIVS)
A8: Dirección de la bodega | F8: GWP utilizados | G8: IPCC AR6 (2021) — horizonte 100 años
A9: Superficie de viñedo propio (ha) | B9: 25 | F9: FE electricidad | G9: Factor Red Argentina (CAMMESA)
A10: Producción anual de vino (litros) | B10: 180000 | F10: Factor red eléctrica (kg CO2e/kWh) | G10: 0,383 (CAMMESA 2023 — verificar valor vigente)
A11: Botellas producidas por año (0,75 L) | B11: 240000 | F11: Unidad funcional de intensidad | G11: Botella de 0,75 L (intensidad organizacional)
A12: Año del inventario | F12: Exclusiones | G12: Uso y fin de vida del producto (cradle-to-gate)
A13: Año base del inventario
A14: Responsable del inventario
A15: Correo electrónico
A16: Teléfono de contacto
A18: FUENTES DE EMISIÓN DECLARADAS
A19: Código | B19: Fuente | C19: Descripción
A20: S1-1 | B20: Combustión móvil | C20: Tractores de viñedo, pulverizadora, utilitarios y camión propio
A21: S1-2 | B21: Combustión estacionaria | C21: Caldera, generador y agua caliente sanitaria (gasoil / GN / GLP)
A22: S1-3 | B22: Viñedo — N2O de suelos | C22: Fertilización nitrogenada, urea y enmiendas calcáreas
A23: S1-4 | B23: Refrigerantes | C23: Fugas de gases en frío de bodega (tanques, cámaras, aire acond.)
A24: S2-1 | B24: Electricidad de red | C24: Bombas de frío, prensas, embotellado, iluminación, riego
A25: S3-1 | B25: Envases y embalajes | C25: Botellas, tapones, cápsulas, etiquetas y cajas (fabricación)
A26: S3-2 | B26: Insumos upstream | C26: Fertilizantes y agroquímicos (fabricación); enológicos (registro)
A27: S3-3 | B27: Transporte y distribución | C27: Insumos a bodega, distribución nacional y exportación
A28: INFO | B28: CO2 de fermentación | C28: Biogénico — se cuantifica y reporta fuera del total
A30: Celdas AMARILLAS: dato a relevar en la bodega. Celdas CELESTES: factor de referencia (no modificar). Celdas VERDES: cálculo automático. Las emisiones se expresan en tCO2e/año con GWP del IPCC AR6.

Sheet S1 MAQUINARIA
A1: SCOPE 1 — COMBUSTIÓN MÓVIL | Maquinaria de viñedo y vehículos propios
A2: Equipo | B2: Descripción / uso típico | C2: Combustible | D2: Consumo anual | E2: Unidad | F2: FE (kg CO2e/un.) | G2: tCO2e/año
A3: Tractores de viñedo | B3: Labores, desbrozado, acarreo de cosecha | C3: Gasoil | E3: L/año | F3: 2.68 | G3: =IF(D3="",0,D3*F3/1000)
A4: Pulverizadora / atomizadora | B4: Aplicaciones fitosanitarias | C4: Gasoil | E4: L/año | F4: 2.68 | G4: =IF(D4="",0,D4*F4/1000)
A5: Cosechadora propia | B5: Solo si es de la bodega (si es contratada va en S3) | C5: Gasoil | E5: L/año | F5: 2.68 | G5: =IF(D5="",0,D5*F5/1000)
A6: Camión propio | B6: Movimiento de uva e insumos | C6: Gasoil | E6: L/año | F6: 2.68 | G6: =IF(D6="",0,D6*F6/1000)
A7: Utilitarios / camionetas | B7: Logística interna y comercial | C7: Nafta | E7: L/año | F7: 2.31 | G7: =IF(D7="",0,D7*F7/1000)
A8: Autoelevador / otros | B8: Movimiento de pallets en bodega | C8: Gasoil/GLP | E8: L o kg/año | F8: 2.68 | G8: =IF(D8="",0,D8*F8/1000)
A9: SUBTOTAL S1 — COMBUSTIÓN MÓVIL (tCO2e/año) | G9: =SUM(G3:G8)
A10: FE combinados CO2+CH4+N2O por litro — IPCC 2006 Vol. 2 (gasoil 2,68 / nafta 2,31 kg CO2e/L). Si se usa biodiesel B5/B10, ajustar FE. Fuente de datos: facturas de combustible o planilla de control.

Sheet S1 ENERGIA FIJA
A1: SCOPE 1 — COMBUSTIÓN ESTACIONARIA | Caldera, generador y agua caliente
A2: Equipo | B2: Descripción / uso típico | C2: Combustible | D2: Consumo anual | E2: Unidad | F2: FE (kg CO2e/un.) | G2: tCO2e/año
A3: Generador eléctrico | B3: Respaldo o autogeneración | C3: Gasoil | E3: L/año | F3: 2.68 | G3: =IF(D3="",0,D3*F3/1000)
A4: Caldera / calefacción | B4: Agua caliente, calefacción de naves | C4: Gas natural | E4: m3/año | F4: 2.04 | G4: =IF(D4="",0,D4*F4/1000)
A5: GLP (zeppelin/garrafas) | B5: Cocina, agua caliente, autoelevador | C5: GLP | E5: kg/año | F5: 3.02 | G5: =IF(D5="",0,D5*F5/1000)
A6: Quemadores / otros | B6: Otros equipos fijos a combustible | C6: Gasoil | E6: L/año | F6: 2.68 | G6: =IF(D6="",0,D6*F6/1000)
A7: SUBTOTAL S1 — COMBUSTIÓN ESTACIONARIA (tCO2e/año) | G7: =SUM(G3:G6)
A8: FE: IPCC 2006 Vol. 2 — gas natural 2,04 kg CO2e/m3, GLP 3,02 kg CO2e/kg, gasoil 2,68 kg CO2e/L.

Sheet S1 VIÑEDO
A1: SCOPE 1 — VIÑEDO | N2O de fertilización nitrogenada y enmiendas
A2: Aplicación | B2: Descripción | C2: Dato anual | D2: Unidad | E2: FE (kg CO2e/un.) | F2: Gas | G2: tCO2e/año
A3: Nitrógeno aplicado (todo fert. N) | B3: kg de N elemental aplicados al viñedo | D3: kg N/año | E3: 4.29 | F3: N2O | G3: =IF(C3="",0,C3*E3/1000)
A4: Urea — CO2 de hidrólisis | B4: Solo si se aplica urea (además del N de arriba) | D4: kg urea/año | E4: 0.733 | F4: CO2 | G4: =IF(C4="",0,C4*E4/1000)
A5: Cal agrícola (encalado) | B5: Corrección de suelos | D5: kg/año | E5: 0.44 | F5: CO2 | G5: =IF(C5="",0,C5*E5/1000)
A6: Dolomita | B6: Corrección de suelos | D6: kg/año | E6: 0.477 | F6: CO2 | G6: =IF(C6="",0,C6*E6/1000)
A7: SUBTOTAL S1 — VIÑEDO (tCO2e/año) | G7: =SUM(G3:G6)
A8: N2O directo Tier 1: EF1 = 0,01 kg N2O-N/kg N (IPCC 2019 Refinement) x 44/28 x GWP 273 (AR6) = 4,29 kg CO2e/kg N. Urea: 0,20 kg C/kg x 44/12 = 0,733 kg CO2/kg (IPCC 2006). Cal 0,44 / dolomita 0,477 kg CO2/kg (IPCC 2006 Vol. 4). No incluye N2O indirecto (volatilización/lixiviación).

Sheet S1 REFRIGERANTES
A1: SCOPE 1 — REFRIGERANTES | Fugas en frío de bodega (control de fermentación, cámaras)
A2: Gas | B2: Equipo típico en bodega | C2: Carga total (kg) | D2: Fuga anual (%) | E2: GWP (AR6) | F2: tCO2e/año
A3: R-134a | B3: Chillers de control de temperatura de fermentación | D3: 10 | E3: 1530 | F3: =IF(C3="",0,C3*D3/100*E3/1000)
A4: R-404A | B4: Cámaras de frío / conservación | D4: 10 | E4: 4728 | F4: =IF(C4="",0,C4*D4/100*E4/1000)
A5: R-410A | B5: Aire acondicionado de naves y oficinas | D5: 10 | E5: 2256 | F5: =IF(C5="",0,C5*D5/100*E5/1000)
A6: R-22 | B6: Equipos antiguos (en retiro — Protocolo de Montreal) | D6: 10 | E6: 1960 | F6: =IF(C6="",0,C6*D6/100*E6/1000)
A7: Amoníaco (NH3) | B7: Sistemas industriales grandes — GWP nulo | D7: 10 | E7: 0 | F7: =IF(C7="",0,C7*D7/100*E7/1000)
A8: SUBTOTAL S1 — REFRIGERANTES (tCO2e/año) | F8: =SUM(F3:F7)
A9: Método de tasa de fuga: carga del equipo (kg) x % de fuga anual x GWP. Tasa por defecto 10% (rango típico 5-15% en equipos comerciales — GHG Protocol, herramienta HFC). GWP AR6 a 100 años. La carga figura en la placa del equipo o en la factura de recarga del técnico de frío.

Sheet FERMENTACION (INFO)
A1: CO2 BIOGÉNICO DE FERMENTACIÓN ALCOHÓLICA — SE REPORTA POR SEPARADO
A2: Concepto | B2: Descripción | C2: Dato anual | D2: Unidad | E2: Factor (kg CO2/L) | F2: tCO2 biogénico/año
A3: Vino elaborado en el ejercicio | B3: Litros que completaron fermentación alcohólica | D3: L/año | E3: 0.098 | F3: =IF(C3="",0,C3*E3/1000)
A5: Estequiometría: C6H12O6 -> 2 C2H5OH + 2 CO2. Para vino de ~13% vol: ~103 g etanol/L -> ~98 g CO2/L (0,098 kg CO2/L). Este CO2 es BIOGÉNICO: fue capturado por la vid en el mismo ciclo anual, por lo que el protocolo OIV y la calculadora internacional FIVS/IWCC lo excluyen del total y lo informan por separado. NO se suma en la hoja RESUMEN.

Sheet S2 ELECTRICIDAD
A1: SCOPE 2 — ELECTRICIDAD DE RED | Enfoque basado en localización
A2: Concepto | B2: Descripción | C2: Dato anual | D2: Unidad | E2: FE (kg CO2e/kWh) | F2: tCO2e/año
A3: Electricidad comprada a la red | B3: Frío de bodega, prensas, bombas, embotellado, riego, iluminación | D3: kWh/año | E3: 0.383 | F3: =IF(C3="",0,C3*E3/1000)
A4: Solar fotovoltaica autogenerada | B4: Informativo — FE 0 (reduce la compra de red) | D4: kWh/año | E4: 0 | F4: =0
A5: SUBTOTAL S2 — ELECTRICIDAD (tCO2e/año) | F5: =SUM(F3:F4)
A6: GHG Protocol Scope 2 Guidance (2015) — enfoque localización. FE Red Argentina CAMMESA 2023: 0,383 kg CO2e/kWh. Verificar el valor vigente del año del inventario en cammesaweb.cammesa.com/download/factor-de-emision. Fuente del dato: facturas de la distribuidora (12 meses).

Sheet S3 ENVASES
A1: SCOPE 3 — ENVASES Y EMBALAJES (fabricación) | Típicamente la mayor fuente en una bodega
A2: BOTELLAS DE VIDRIO
A3: Concepto | B3: Descripción | C3: Dato | D3: Unidad | E3: FE base (kg CO2e/kg) | G3: tCO2e/año
A4: Botellas compradas en el año | B4: Unidades (todas las líneas y formatos) | C4: 240000 | D4: unidades/año | E4: 1.2
A5: Peso promedio por botella | B5: Estándar 450-550 g; premium 700-900 g | C5: 500 | D5: gramos
A6: Contenido de vidrio reciclado | B6: Consultar al proveedor (botella oscura admite más casco) | C6: 30 | D6: %
A7: EMISIONES BOTELLAS | B7: =unid. x peso(kg) x FE x (1 - 0,002 x %reciclado) | G7: =IF(C4="",0,C4*C5/1000*E4*(1-0.002*C6)/1000)
A8: TAPONES, CÁPSULAS, ETIQUETAS Y CAJAS
A9: Ítem | B9: Descripción | C9: Dato anual | D9: Unidad | E9: FE | F9: Unidad FE | G9: tCO2e/año
A10: Corcho natural | B10: El cierre de menor huella | D10: unidades/año | E10: 0.00183 | F10: kg CO2e/unidad | G10: =IF(C10="",0,C10*E10/1000)
A11: Tapón sintético | B11: Polímero | D11: unidades/año | E11: 0.0148 | F11: kg CO2e/unidad | G11: =IF(C11="",0,C11*E11/1000)
A12: Tapa rosca (aluminio) | B12: Screwcap | D12: unidades/año | E12: 0.0372 | F12: kg CO2e/unidad | G12: =IF(C12="",0,C12*E12/1000)
A13: Cápsulas (aluminio/estaño) | B13: Peso total comprado en el año | D13: kg/año | E13: 8.6 | F13: kg CO2e/kg | G13: =IF(C13="",0,C13*E13/1000)
A14: Etiquetas (papel) | B14: Peso total comprado en el año | D14: kg/año | E14: 1.1 | F14: kg CO2e/kg | G14: =IF(C14="",0,C14*E14/1000)
A15: Cajas de cartón | B15: Peso total (cajas + separadores) | D15: kg/año | E15: 0.94 | F15: kg CO2e/kg | G15: =IF(C15="",0,C15*E15/1000)
A16: SUBTOTAL S3 — ENVASES Y EMBALAJES (tCO2e/año) | G16: =G7+SUM(G10:G15)
A17: Vidrio: 1,2 kg CO2e/kg (vidrio nuevo, promedio LCA europeos); cada 10% de casco reciclado reduce ~2% (Glass Alliance Europe). Cierres: corcho 1,83 g / sintético 14,8 g / rosca aluminio 37,2 g CO2e por unidad (estudio PwC para Amorim, 2008 — produccion). Aluminio 8,6 kg CO2e/kg (promedio primario). Cartón 0,94 kg CO2e/kg (cradle-to-grave). Papel 1,1 kg CO2e/kg. Ajustar con datos del proveedor si los entrega (EPD).

Sheet S3 INSUMOS
A1: SCOPE 3 — INSUMOS COMPRADOS (emisiones de fabricación, aguas arriba)
A2: Insumo | B2: Descripción | C2: Dato anual | D2: Unidad | E2: FE (kg CO2e/kg) | F2: Estado | G2: tCO2e/año
A3: Fertilizantes (fabricación) | B3: Todo fertilizante comprado, por peso de producto | D3: kg/año | E3: 1.2 | F3: Calculado | G3: =IF(C3="",0,C3*E3/1000)
A4: Agroquímicos (fabricación) | B4: Herbicidas, fungicidas, insecticidas | D4: kg o L/año | E4: 6.3 | F4: Calculado | G4: =IF(C4="",0,C4*E4/1000)
A5: Productos enológicos | B5: Levaduras, clarificantes, SO2, ácidos — sin FE estandarizado | D5: kg/año | E5: — | F5: Registro | G5: =0
A7: SUBTOTAL S3 — INSUMOS (tCO2e/año) | G7: =SUM(G3:G5)
A8: FE promedio de bibliografía (fabricación): fertilizantes 1,2 / agroquímicos 6,3 kg CO2e/kg. Los productos enológicos se registran sin calcular hasta contar con FE específicos o EPD del proveedor.

Sheet S3 TRANSPORTE
A1: SCOPE 3 — TRANSPORTE Y DISTRIBUCIÓN (contratado a terceros)
A2: Tramo | B2: Descripción | C2: Dato anual | D2: Unidad | E2: FE (kg CO2e/t·km) | F2: Modo | G2: tCO2e/año
A3: Insumos hacia la bodega | B3: Botellas, insumos secos, fertilizantes (t x km) | D3: t·km/año | E3: 0.062 | F3: Camión | G3: =IF(C3="",0,C3*E3/1000)
A4: Distribución nacional | B4: Bodega -> distribuidores / clientes (t x km) | D4: t·km/año | E4: 0.062 | F4: Camión | G4: =IF(C4="",0,C4*E4/1000)
A5: Tramo terrestre a puerto | B5: Bodega -> puerto de salida (t x km) | D5: t·km/año | E5: 0.062 | F5: Camión | G5: =IF(C5="",0,C5*E5/1000)
A6: Flete marítimo exportación | B6: Puerto -> destino (t x km náuticos convertidos) | D6: t·km/año | E6: 0.012 | F6: Buque contenedor | G6: =IF(C6="",0,C6*E6/1000)
A7: Ferrocarril (si aplica) | B7: Tramos ferroviarios de carga (t x km) | D7: t·km/año | E7: 0.022 | F7: Tren | G7: =IF(C7="",0,C7*E7/1000)
A8: SUBTOTAL S3 — TRANSPORTE (tCO2e/año) | G8: =SUM(G3:G7)
A9: t·km = toneladas transportadas x kilómetros recorridos. Ej.: 120 t de vino a un puerto a 1.200 km = 144.000 t·km. FE de referencia: camión carga completa 0,062 / tren 0,022 / buque contenedor 0,012 kg CO2e/t·km (valores medios bibliografía logística, ajustables con datos del operador).

Sheet FACTORES EMISION
A1: TABLA DE FACTORES DE EMISIÓN DE REFERENCIA — SOLO LECTURA
A2: Fuentes: IPCC 2006 / 2019 Refinement | GWP IPCC AR6 (2021) | GHG Protocol | CAMMESA | Protocolo OIV GEI | PwC-Amorim (cierres) | Glass Alliance Europe (vidrio). NO modificar esta hoja.
A3: Fuente / Actividad | B3: Aplicación | C3: FE | D3: Unidad | E3: Fuente bibliográfica
A4: Gasoil (diesel) | B4: Combustión móvil y fija | C4: 2.68 | D4: kg CO2e/L | E4: IPCC 2006 Vol. 2 — CO2+CH4+N2O combinado
A5: Nafta (gasolina) | B5: Vehículos livianos | C5: 2.31 | D5: kg CO2e/L | E5: IPCC 2006 Vol. 2
A6: Gas natural | B6: Caldera / calefacción | C6: 2.04 | D6: kg CO2e/m3 | E6: IPCC 2006 Vol. 2
A7: GLP | B7: Garrafas / zeppelin | C7: 3.02 | D7: kg CO2e/kg | E7: IPCC 2006 Vol. 2
A8: Nitrógeno al suelo (N2O directo) | B8: Fertilización del viñedo | C8: 4.29 | D8: kg CO2e/kg N | E8: IPCC 2019 Ref. EF1=0,01 x 44/28 x GWP 273 (AR6)
A9: Urea — hidrólisis | B9: Aplicación de urea | C9: 0.733 | D9: kg CO2/kg urea | E9: IPCC 2006 Vol. 4 (0,20 C x 44/12)
A10: Cal agrícola | B10: Encalado | C10: 0.44 | D10: kg CO2/kg | E10: IPCC 2006 Vol. 4
A11: Dolomita | B11: Encalado | C11: 0.477 | D11: kg CO2/kg | E11: IPCC 2006 Vol. 4
A12: R-134a | B12: Refrigerante chillers | C12: 1530 | D12: GWP 100 años | E12: IPCC AR6 (2021)
A13: R-404A | B13: Refrigerante cámaras | C13: 4728 | D13: GWP 100 años | E13: IPCC AR6 (2021) — mezcla
A14: R-410A | B14: Aire acondicionado | C14: 2256 | D14: GWP 100 años | E14: IPCC AR6 (2021) — mezcla
A15: R-22 (HCFC) | B15: Equipos antiguos | C15: 1960 | D15: GWP 100 años | E15: IPCC AR6 (2021)
... A29: CO2 fermentación (biogénico) | B29: Informativo — fuera del total | C29: 0.098 | D29: kg CO2/L vino | E29: Estequiometría, vino 13% vol — criterio OIV/FIVS

Sheet RESUMEN
A1: RESUMEN DEL INVENTARIO — HUELLA DE CARBONO DE LA BODEGA
A2: Código | B2: Categoría | C2: Alcance | D2: tCO2e/año | E2: Origen del dato
A3: S1-1 | B3: Combustión móvil (maquinaria y vehículos) | C3: Scope 1 | D3: ='S1 MAQUINARIA'!G9 | E3: Subtotal automático de la hoja S1 MAQUINARIA
A4: S1-2 | B4: Combustión estacionaria | C4: Scope 1 | D4: ='S1 ENERGIA FIJA'!G7 | E4: Subtotal automático de la hoja S1 ENERGIA FIJA
A5: S1-3 | B5: Viñedo — N2O y enmiendas | C5: Scope 1 | D5: ='S1 VIÑEDO'!G7 | E5: Subtotal automático de la hoja S1 VIÑEDO
A6: S1-4 | B6: Refrigerantes (fugas) | C6: Scope 1 | D6: ='S1 REFRIGERANTES'!F8 | E6: Subtotal automático de la hoja S1 REFRIGERANTES
A7: S2-1 | B7: Electricidad de red | C7: Scope 2 | D7: ='S2 ELECTRICIDAD'!F5 | E7: Subtotal automático de la hoja S2 ELECTRICIDAD
A8: S3-1 | B8: Envases y embalajes | C8: Scope 3 | D8: ='S3 ENVASES'!G16 | E8: Subtotal automático de la hoja S3 ENVASES
A9: S3-2 | B9: Insumos comprados (fabricación) | C9: Scope 3 | D9: ='S3 INSUMOS'!G7 | E9: Subtotal automático de la hoja S3 INSUMOS
A10: S3-3 | B10: Transporte y distribución | C10: Scope 3 | D10: ='S3 TRANSPORTE'!G8 | E10: Subtotal automático de la hoja S3 TRANSPORTE
A12: TOTAL SCOPE 1 (tCO2e/año) | D12: =SUM(D3:D6)
A13: TOTAL SCOPE 2 (tCO2e/año) | D13: =D7
A14: TOTAL SCOPE 3 (tCO2e/año) | D14: =SUM(D8:D10)
A15: TOTAL HUELLA DE CARBONO (S1+S2+S3) | D15: =D12+D13+D14
A17: CO2 biogénico de fermentación (informativo — NO suma) | D17: ='FERMENTACION (INFO)'!F3 | E17: Criterio OIV/FIVS: carbono de ciclo corto, se reporta por separado
A19: INTENSIDAD DE EMISIONES (indicador organizacional)
B20: Botellas producidas por año (de PORTADA) | D20: =PORTADA!B11 | E20: Equivalente 0,75 L
B21: kg CO2e por botella (S1+S2+S3) | D21: =IF(D20=0,0,D15*1000/D20) | E21: Benchmark bibliográfico: 0,9 a 1,9 kg CO2e/botella (cradle-to-grave)
B22: kg CO2e por litro de vino | D22: =IF(PORTADA!B10=0,0,D15*1000/PORTADA!B10) | E22: Litros de PORTADA
A24: La intensidad por botella es un indicador ORGANIZACIONAL (total de la bodega dividido por la producción). No constituye una huella de producto certificable bajo ISO 14067, que exige asignación por línea de producto y ciclo de vida completo. Es válida y útil como indicador de gestión y para comunicación con compradores, declarando la metodología.
